City_ID,City,Lat,Lng,Max Temp,Humidity,Cloudiness,Wind Speed,Country,Date
0,Cap Malheureux,-19.98,57.61,71.01,61,26,3.0,MU,2020-08-19 23:43:57
1,Busselton,-33.65,115.33,46.0,83,78,1.21,AU,2020-08-19 23:43:57
2,Athabasca,54.72,-113.29,73.94,44,28,3.04,CA,2020-08-19 23:43:57
3,Avarua,-21.21,-159.78,73.4,83,100,21.92,CK,2020-08-19 23:43:57
4,Nikolskoye,59.7,30.79,55.0,93,0,2.24,RU,2020-08-19 23:41:17
5,Saldanha,-33.01,17.94,44.6,81,57,2.24,ZA,2020-08-19 23:43:58
6,Rikitea,-23.12,-134.97,70.14,86,100,22.26,PF,2020-08-19 23:41:34
7,Faanui,-16.48,-151.75,78.42,77,30,22.73,PF,2020-08-19 23:43:58
8,Maraa,-1.83,-65.37,81.37,69,47,2.55,BR,2020-08-19 23:43:58
9,Tautira,-17.73,-149.15,82.4,65,75,4.7,PF,2020-08-19 23:43:59
10,Steinbach,50.17,8.57,73.99,82,87,1.12,DE,2020-08-19 23:43:59
11,Sitka,57.05,-135.33,64.4,68,90,3.36,US,2020-08-19 23:41:56
12,Bethel,41.37,-73.41,71.6,64,1,4.7,US,2020-08-19 23:43:59
13,Mataura,-46.19,168.86,54.0,85,33,1.99,NZ,2020-08-19 23:44:00
14,Marsh Harbour,26.54,-77.06,84.92,71,91,7.78,BS,2020-08-19 23:44:00
15,Guerrero Negro,27.98,-114.06,84.02,50,0,17.9,MX,2020-08-19 23:44:00
16,Plettenberg Bay,-34.05,23.37,52.21,52,15,5.7,ZA,2020-08-19 23:44:00
17,Mancio Lima,-7.61,-72.9,83.32,57,48,2.46,BR,2020-08-19 23:44:01
18,Athni,16.73,75.07,71.58,91,98,11.61,IN,2020-08-19 23:44:01
19,Khatanga,71.97,102.5,52.27,60,55,10.29,RU,2020-08-19 23:41:41
20,Cape Town,-33.93,18.42,55.0,87,40,8.05,ZA,2020-08-19 23:41:27
21,Cuenca,-2.88,-78.98,60.8,72,84,14.99,EC,2020-08-19 23:44:02
22,Walvis Bay,-22.96,14.51,66.2,15,0,4.7,NA,2020-08-19 23:44:02
23,Klaksvik,62.23,-6.59,51.8,76,100,12.75,FO,2020-08-19 23:44:02
24,Port Alfred,-33.59,26.89,50.77,73,15,9.15,ZA,2020-08-19 23:44:02
25,Adrar,20.5,-10.07,96.44,27,42,12.57,MR,2020-08-19 23:44:03
26,Pimentel,-6.84,-79.93,64.4,68,20,24.16,PE,2020-08-19 23:44:03
27,Yellowknife,62.46,-114.35,57.2,100,75,9.17,CA,2020-08-19 23:44:03
28,Champerico,14.3,-91.92,82.4,83,75,6.93,GT,2020-08-19 23:44:03
29,Caborca,30.58,-111.1,106.0,29,0,1.01,MX,2020-08-19 23:44:03
30,Tura,25.52,90.22,73.42,94,93,5.21,IN,2020-08-19 23:44:04
31,Chuy,-33.7,-53.46,42.51,77,26,8.99,UY,2020-08-19 23:42:24
32,Albany,42.6,-73.97,71.01,47,10,7.25,US,2020-08-19 23:41:47
33,Nsanje,-16.92,35.26,74.8,70,45,10.69,MW,2020-08-19 23:44:05
34,Snasa,64.25,12.38,53.94,88,69,2.37,NO,2020-08-19 23:44:05
35,Castro,-24.79,-50.01,52.0,96,100,2.15,BR,2020-08-19 23:44:05
36,Codrington,-38.27,141.97,49.87,84,91,13.56,AU,2020-08-19 23:44:05
37,Provideniya,64.38,-173.3,59.0,67,40,11.18,RU,2020-08-19 23:44:06
38,Tuktoyaktuk,69.45,-133.04,53.6,81,40,9.17,CA,2020-08-19 23:44:06
39,Mar Del Plata,-38.0,-57.56,44.01,64,40,5.82,AR,2020-08-19 23:44:06
40,Batagay-Alyta,67.8,130.41,37.89,78,100,4.0,RU,2020-08-19 23:44:06
41,Rio Grande,-32.03,-52.1,48.99,71,23,1.01,BR,2020-08-19 23:43:25
42,Hobart,-42.88,147.33,52.0,71,40,10.29,AU,2020-08-19 23:44:07
43,Pallasovka,50.05,46.88,60.87,55,44,9.98,RU,2020-08-19 23:44:07
44,Salalah,17.02,54.09,77.0,100,90,5.82,OM,2020-08-19 23:44:07
45,Coquimbo,-29.95,-71.34,51.8,87,0,6.93,CL,2020-08-19 23:42:47
46,Fairbanks,64.84,-147.72,72.0,52,40,4.7,US,2020-08-19 23:42:13
47,Luderitz,-26.65,15.16,60.4,31,0,9.33,NA,2020-08-19 23:44:08
48,Marinette,45.1,-87.63,78.8,69,20,12.75,US,2020-08-19 23:44:08
49,Tasiilaq,65.61,-37.64,44.6,75,0,5.82,GL,2020-08-19 23:44:08
50,Karratha,-20.74,116.85,69.66,27,0,13.8,AU,2020-08-19 23:44:09
51,Ushuaia,-54.8,-68.3,39.2,93,90,24.16,AR,2020-08-19 23:40:54
52,Los Llanos De Aridane,28.66,-17.92,72.0,83,0,8.05,ES,2020-08-19 23:44:09
53,Osa,57.28,55.46,47.25,88,100,12.5,RU,2020-08-19 23:44:10
54,Iqaluit,63.75,-68.51,46.4,87,90,16.11,CA,2020-08-19 23:44:10
55,Aloleng,16.13,119.78,80.58,80,75,4.32,PH,2020-08-19 23:44:10
56,Qaanaaq,77.48,-69.36,44.13,90,100,2.06,GL,2020-08-19 23:42:28
57,Vaini,-21.2,-175.2,77.0,88,75,12.75,TO,2020-08-19 23:44:11
58,Aksu,41.12,80.26,68.9,46,91,1.19,CN,2020-08-19 23:44:11
59,Cherskiy,68.75,161.3,45.1,64,97,7.72,RU,2020-08-19 23:44:11
60,Henties Bay,-22.12,14.28,58.26,45,0,5.41,NA,2020-08-19 23:44:12
61,Melbu,68.5,14.83,48.99,94,78,1.99,NO,2020-08-19 23:44:12
62,Dikson,73.51,80.55,47.91,75,0,15.61,RU,2020-08-19 23:44:12
63,Egvekinot,66.32,-179.17,54.23,50,85,6.89,RU,2020-08-19 23:44:12
64,Doha,25.29,51.53,89.6,75,28,4.7,QA,2020-08-19 23:44:13
65,Ancud,-41.87,-73.82,43.0,86,20,3.36,CL,2020-08-19 23:44:13
66,Ambunti,-4.24,142.84,80.76,87,19,1.07,PG,2020-08-19 23:44:13
67,Iquique,-20.22,-70.14,60.8,63,90,14.99,CL,2020-08-19 23:42:33
68,Evensk,61.95,159.23,52.38,87,100,13.38,RU,2020-08-19 23:44:14
69,Pevek,69.7,170.31,42.3,82,97,1.21,RU,2020-08-19 23:44:14
70,Hasaki,35.73,140.83,86.0,74,20,5.82,JP,2020-08-19 23:44:14
71,Florida,28.75,-82.5,84.2,70,75,4.32,US,2020-08-19 23:40:29
72,Punta Arenas,-53.15,-70.92,46.4,75,83,34.45,CL,2020-08-19 23:42:10
73,Arraial Do Cabo,-22.97,-42.03,75.2,83,0,11.41,BR,2020-08-19 23:44:15
74,Bonavista,48.65,-53.11,61.0,82,16,4.0,CA,2020-08-19 23:44:15
75,Saint-Philippe,-21.36,55.77,69.01,64,90,4.7,RE,2020-08-19 23:44:15
76,Ilulissat,69.22,-51.1,51.8,40,26,5.82,GL,2020-08-19 23:44:16
77,Pomezia,41.67,12.51,75.2,88,5,4.7,IT,2020-08-19 23:44:16
78,Tutoia,-2.76,-42.27,79.66,79,96,15.84,BR,2020-08-19 23:44:16
79,Inhambane,-23.86,35.38,66.56,70,97,12.1,MZ,2020-08-19 23:44:16
80,Yulara,-25.24,130.99,51.8,43,1,4.7,AU,2020-08-19 23:44:16
81,Thompson,55.74,-97.86,71.6,53,75,2.24,CA,2020-08-19 23:40:54
82,Butaritari,3.07,172.79,83.23,78,27,9.95,KI,2020-08-19 23:41:28
83,Touros,-5.2,-35.46,75.2,83,20,4.7,BR,2020-08-19 23:44:17
84,Newport,51.59,-3.0,66.99,97,100,5.99,GB,2020-08-19 23:40:41
85,Matamoros,25.53,-103.25,93.2,24,75,6.93,MX,2020-08-19 23:44:18
86,Tabas,33.6,56.92,86.0,17,0,2.24,IR,2020-08-19 23:44:18
87,Chkalovskoye,44.84,133.04,60.75,74,97,7.07,RU,2020-08-19 23:44:18
88,Leningradskiy,69.38,178.42,56.16,48,71,5.64,RU,2020-08-19 23:44:18
89,Damietta,31.42,31.81,75.06,76,0,4.76,EG,2020-08-19 23:44:18
90,Port Elizabeth,-33.92,25.57,46.4,87,22,8.05,ZA,2020-08-19 23:44:19
91,Lompoc,34.64,-120.46,77.0,56,90,14.99,US,2020-08-19 23:44:19
92,Bayir,37.27,28.22,68.0,77,0,3.36,TR,2020-08-19 23:44:19
93,Husavik,66.04,-17.34,46.4,75,0,8.05,IS,2020-08-19 23:44:20
94,Mamou,10.5,-12.0,69.31,96,100,2.59,GN,2020-08-19 23:44:20
95,Hilo,19.73,-155.09,82.4,65,90,9.17,US,2020-08-19 23:44:20
96,Huarmey,-10.07,-78.15,61.57,82,15,9.98,PE,2020-08-19 23:44:20
97,Bansgaon,26.56,83.35,81.19,81,46,7.34,IN,2020-08-19 23:44:20
98,Bathsheba,13.22,-59.52,82.4,78,40,16.11,BB,2020-08-19 23:44:21
99,Torbay,47.67,-52.73,64.0,88,75,12.75,CA,2020-08-19 23:44:21
100,Hermanus,-34.42,19.23,45.0,92,99,10.11,ZA,2020-08-19 23:40:55
101,Port-Gentil,-0.72,8.78,75.2,83,90,16.93,GA,2020-08-19 23:44:21
102,Alice,27.75,-98.07,98.6,30,1,12.75,US,2020-08-19 23:44:22
103,Namatanai,-3.67,152.43,84.4,64,100,5.79,PG,2020-08-19 23:44:22
104,Puerto Ayora,-0.74,-90.35,66.99,92,87,8.01,EC,2020-08-19 23:44:22
105,Hofn,64.25,-15.21,47.03,73,18,15.03,IS,2020-08-19 23:44:22
106,Vao,-22.67,167.48,71.28,79,3,20.29,NC,2020-08-19 23:41:33
107,Basco,20.45,121.97,83.52,81,66,11.83,PH,2020-08-19 23:44:23
108,Atuona,-9.8,-139.03,78.39,77,6,17.74,PF,2020-08-19 23:44:23
109,Hithadhoo,-0.6,73.08,83.12,67,70,3.02,MV,2020-08-19 23:44:23
110,Karagay,58.27,54.94,48.4,92,100,13.94,RU,2020-08-19 23:44:24
111,Lobito,-12.35,13.55,68.86,90,68,4.43,AO,2020-08-19 23:44:24
112,Hailar,49.2,119.7,56.91,60,7,5.26,CN,2020-08-19 23:44:24
113,Vila Velha,-20.33,-40.29,77.0,83,40,13.87,BR,2020-08-19 23:40:13
114,Bredasdorp,-34.53,20.04,51.8,71,100,2.24,ZA,2020-08-19 23:44:24
115,Jawa,31.85,35.94,69.8,60,0,3.6,JO,2020-08-19 23:44:25
116,Longyearbyen,78.22,15.64,42.8,75,75,12.75,SJ,2020-08-19 23:44:25
117,Ust-Kuyga,70.02,135.6,39.51,90,100,2.91,RU,2020-08-19 23:44:25
118,Iberia,29.95,-91.75,91.4,43,1,9.17,US,2020-08-19 23:44:25
119,Ponta Do Sol,32.67,-17.1,73.4,78,40,2.24,PT,2020-08-19 23:43:40
120,Yerbogachen,61.28,108.01,58.44,51,4,7.87,RU,2020-08-19 23:42:02
121,Kapaa,22.08,-159.32,84.2,66,1,14.99,US,2020-08-19 23:44:26
122,Carnarvon,-24.87,113.63,60.8,55,92,9.17,AU,2020-08-19 23:42:38
123,Mount Isa,-20.73,139.5,68.0,22,0,10.29,AU,2020-08-19 23:44:27
124,Jamestown,42.1,-79.24,66.99,48,1,4.7,US,2020-08-19 23:44:27
125,Hualmay,-11.1,-77.61,60.4,82,24,12.19,PE,2020-08-19 23:44:27
126,Vanderhoof,54.02,-124.02,72.03,37,69,6.85,CA,2020-08-19 23:44:27
127,Gidole,5.65,37.37,58.46,96,100,4.0,ET,2020-08-19 23:44:28
128,Olinda,-8.01,-34.86,77.0,73,40,5.82,BR,2020-08-19 23:43:29
129,Quballat,36.54,9.66,73.4,78,20,1.12,TN,2020-08-19 23:44:28
130,Goundam,16.41,-3.67,90.0,46,37,8.3,ML,2020-08-19 23:44:28
131,Presidencia Roque Saenz Pena,-26.79,-60.44,54.66,39,0,14.18,AR,2020-08-19 23:44:28
132,Morro Bay,35.37,-120.85,91.4,22,90,20.8,US,2020-08-19 23:44:29
133,Coari,-4.08,-63.14,84.16,51,17,2.26,BR,2020-08-19 23:44:29
134,Souillac,-20.52,57.52,68.0,82,40,10.29,MU,2020-08-19 23:44:29
135,Vostok,46.49,135.88,56.57,63,92,5.28,RU,2020-08-19 23:43:24
136,Port Keats,-14.25,129.55,80.87,69,65,5.32,AU,2020-08-19 23:44:30
137,Hambantota,6.12,81.12,78.8,94,100,9.17,LK,2020-08-19 23:44:30
138,Ahipara,-35.17,173.17,62.47,83,62,18.59,NZ,2020-08-19 23:44:30
139,Namibe,-15.2,12.15,64.04,88,56,1.92,AO,2020-08-19 23:44:30
140,Knysna,-34.04,23.05,48.2,66,29,6.93,ZA,2020-08-19 23:44:31
141,Cabo San Lucas,22.89,-109.91,75.2,88,90,17.22,MX,2020-08-19 23:40:04
142,Luganville,-15.53,167.17,80.19,82,68,9.37,VU,2020-08-19 23:44:31
143,Irbit,57.67,63.07,52.39,98,100,4.47,RU,2020-08-19 23:44:31
144,Narsaq,60.92,-46.05,55.4,58,32,4.7,GL,2020-08-19 23:44:32
145,Pala,9.36,14.9,71.6,96,97,3.51,TD,2020-08-19 23:41:31
146,Bengkulu,-3.8,102.27,76.3,83,78,4.61,ID,2020-08-19 23:44:32
147,Cairns,-16.92,145.77,77.0,69,0,10.29,AU,2020-08-19 23:42:41
148,Port Macquarie,-31.43,152.92,64.0,47,0,4.0,AU,2020-08-19 23:44:32
149,Nemuro,43.32,145.57,68.43,89,0,7.76,JP,2020-08-19 23:44:33
150,Upernavik,72.79,-56.15,49.69,73,47,2.66,GL,2020-08-19 23:44:33
151,Hudiksvall,61.73,17.1,60.01,98,63,4.99,SE,2020-08-19 23:44:33
152,Richards Bay,-28.78,32.04,58.46,73,26,5.7,ZA,2020-08-19 23:44:33
153,Clyde River,70.47,-68.59,50.0,87,75,8.05,CA,2020-08-19 23:44:34
154,Kavaratti,10.57,72.64,82.06,77,100,13.85,IN,2020-08-19 23:44:34
155,Saskylakh,71.92,114.08,43.74,65,100,3.6,RU,2020-08-19 23:44:34
156,Soc Trang,9.6,105.98,77.0,100,75,5.44,VN,2020-08-19 23:44:34
157,Bluff,-46.6,168.33,54.0,85,58,1.99,NZ,2020-08-19 23:44:35
158,Laguna,38.42,-121.42,102.2,15,75,6.93,US,2020-08-19 23:44:35
159,Havre-Saint-Pierre,50.23,-63.6,60.8,87,75,5.82,CA,2020-08-19 23:44:35
160,Bailen,38.1,-3.78,82.99,26,0,8.75,ES,2020-08-19 23:44:35
161,Port Hedland,-20.32,118.57,62.6,33,0,8.05,AU,2020-08-19 23:44:36
162,Abu Samrah,35.3,37.18,67.78,79,0,8.41,SY,2020-08-19 23:44:36
163,Abu Kamal,34.45,40.92,77.95,35,0,9.89,SY,2020-08-19 23:44:36
164,Fortuna,40.6,-124.16,72.0,67,33,5.99,US,2020-08-19 23:44:36
165,Funadhoo,6.15,73.27,81.77,75,100,11.25,MV,2020-08-19 23:44:37
166,Tuy Hoa,13.08,109.3,77.68,84,100,5.61,VN,2020-08-19 23:44:37
167,Asau,46.43,26.4,60.01,98,100,3.76,RO,2020-08-19 23:44:37
168,Bairiki,1.33,172.98,87.8,70,75,11.41,KI,2020-08-19 23:44:37
169,Ouango,4.31,22.56,68.18,95,98,1.54,CF,2020-08-19 23:44:38
170,Shingu,33.73,135.98,86.0,70,75,2.24,JP,2020-08-19 23:44:38
171,Dunedin,-45.87,170.5,50.0,86,4,8.01,NZ,2020-08-19 23:44:38
172,Geraldton,-28.77,114.6,50.0,81,82,4.7,AU,2020-08-19 23:44:38
173,Hami,42.8,93.45,80.71,27,100,9.86,CN,2020-08-19 23:44:38
174,Tuatapere,-46.13,167.68,54.0,85,56,1.99,NZ,2020-08-19 23:44:39
175,Kavieng,-2.57,150.8,84.6,70,24,7.9,PG,2020-08-19 23:44:39
176,New Norfolk,-42.78,147.06,50.0,76,69,3.0,AU,2020-08-19 23:44:39
177,Belaya Gora,68.53,146.42,41.02,76,99,8.99,RU,2020-08-19 23:44:39
178,Mahebourg,-20.41,57.7,68.0,82,40,10.29,MU,2020-08-19 23:44:40
179,Purranque,-40.92,-73.17,42.8,70,0,6.93,CL,2020-08-19 23:44:40
180,Mercedes,-34.65,-59.43,43.0,74,31,8.9,AR,2020-08-19 23:44:40
181,Kaitangata,-46.28,169.85,51.01,81,5,3.0,NZ,2020-08-19 23:44:40
182,Kodiak,57.79,-152.41,64.4,55,90,13.87,US,2020-08-19 23:44:41
183,Sur,22.57,59.53,86.04,60,45,4.88,OM,2020-08-19 23:44:41
184,Sobolevo,54.43,31.9,57.63,95,100,10.33,RU,2020-08-19 23:42:00
185,Sinnamary,5.38,-52.95,79.75,83,0,11.48,GF,2020-08-19 23:43:00
186,Cidreira,-30.18,-50.21,53.47,74,79,14.12,BR,2020-08-19 23:44:42
187,Talnakh,69.49,88.4,59.0,47,53,11.18,RU,2020-08-19 23:44:42
188,Camopi,3.17,-52.32,74.93,89,74,3.49,GF,2020-08-19 23:44:42
189,Barda,40.37,47.13,68.0,60,0,3.4,AZ,2020-08-19 23:44:42
190,Guymon,36.68,-101.48,87.8,35,1,13.87,US,2020-08-19 23:44:42
191,Mathathane,-22.27,28.75,60.37,54,69,22.77,BW,2020-08-19 23:44:43
192,Elko,41.0,-115.5,93.99,6,60,15.01,US,2020-08-19 23:44:43
193,Faya,18.39,42.45,73.4,60,67,1.81,SA,2020-08-19 23:44:43
194,Buraydah,26.33,43.98,84.2,18,6,2.24,SA,2020-08-19 23:44:43
195,Gombe,10.29,11.17,75.18,82,100,9.71,NG,2020-08-19 23:44:43
196,Margate,51.38,1.39,68.0,99,97,4.0,GB,2020-08-19 23:44:44
197,Kyra,49.58,111.98,54.61,69,0,4.74,RU,2020-08-19 23:44:44
198,Lavumisa,-27.31,31.89,51.51,78,0,3.2,SZ,2020-08-19 23:44:44
199,Montepuez,-13.13,39.0,66.69,92,41,6.33,MZ,2020-08-19 23:44:44
200,San Patricio,19.22,-104.7,86.0,74,75,11.41,MX,2020-08-19 23:44:45
201,Izumrud,57.08,61.4,51.8,93,75,17.9,RU,2020-08-19 23:44:45
202,Belle Fourche,44.67,-103.85,91.99,21,1,5.82,US,2020-08-19 23:40:32
203,Mingoyo,-10.1,39.63,69.22,93,58,1.83,TZ,2020-08-19 23:44:45
204,Aklera,24.42,76.57,75.99,94,100,7.4,IN,2020-08-19 23:44:45
205,Lazaro Cardenas,17.96,-102.2,82.9,79,99,10.45,MX,2020-08-19 23:41:22
206,Avare,-23.1,-48.93,58.95,74,52,10.4,BR,2020-08-19 23:44:46
207,San Cristobal,7.77,-72.22,84.2,62,75,6.93,VE,2020-08-19 23:42:01
208,Verkhnevilyuysk,63.45,120.32,51.8,58,0,6.13,RU,2020-08-19 23:44:46
209,Progreso,21.28,-89.67,75.99,88,75,6.93,MX,2020-08-19 23:44:00
210,Abu Dhabi,24.47,54.37,93.2,84,20,4.7,AE,2020-08-19 23:43:11
211,Grakhovo,56.05,51.97,50.0,81,40,11.18,RU,2020-08-19 23:44:47
212,Lebu,-37.62,-73.65,45.95,74,0,19.86,CL,2020-08-19 23:42:04
213,Montecristo,8.3,-74.47,76.66,91,100,0.98,CO,2020-08-19 23:44:48
214,Kasongo-Lunda,-6.47,16.82,72.57,82,70,2.86,CD,2020-08-19 23:44:48
215,Muncar,-8.43,114.33,75.72,87,75,3.8,ID,2020-08-19 23:44:48
216,Lokosovo,61.13,74.82,51.67,96,71,7.25,RU,2020-08-19 23:44:48
217,Kieta,-6.22,155.63,85.19,64,16,3.22,PG,2020-08-19 23:44:48
218,Port Hardy,50.7,-127.42,62.6,88,90,16.11,CA,2020-08-19 23:42:08
219,Vardo,70.37,31.11,53.6,87,40,4.7,NO,2020-08-19 23:44:49
220,Sao Joao Da Barra,-21.64,-41.05,74.55,83,0,23.64,BR,2020-08-19 23:44:49
221,Komsomolskiy,40.43,71.72,68.0,64,29,6.93,UZ,2020-08-19 23:44:49
222,Airai,-8.93,125.41,68.54,42,5,2.73,TL,2020-08-19 23:44:49
223,Nuuk,64.18,-51.72,48.2,81,0,12.75,GL,2020-08-19 23:44:50
224,Man,7.41,-7.55,70.72,95,100,3.8,CI,2020-08-19 23:44:50
225,Esperance,-33.87,121.9,44.6,100,75,9.17,AU,2020-08-19 23:42:39
226,San Quintin,30.48,-115.95,80.47,59,20,10.42,MX,2020-08-19 23:44:50
227,Aguimes,27.91,-15.45,75.2,53,0,19.46,ES,2020-08-19 23:44:51
228,Waipawa,-41.41,175.52,57.2,82,30,17.22,NZ,2020-08-19 23:44:51
229,Gawler,-34.6,138.73,55.0,90,13,5.01,AU,2020-08-19 23:44:27
230,Palu,-0.89,119.87,80.37,69,2,3.31,ID,2020-08-19 23:43:16
231,Barrow,71.29,-156.79,41.0,86,90,10.29,US,2020-08-19 23:44:52
232,Bharuch,21.7,72.97,78.94,91,100,7.78,IN,2020-08-19 23:44:52
233,Belmonte,-15.86,-38.88,75.2,78,75,5.82,BR,2020-08-19 23:44:52
234,Payo,-3.75,103.64,74.61,84,34,2.33,ID,2020-08-19 23:44:53
235,Isla Vista,34.41,-119.86,93.0,51,1,10.29,US,2020-08-19 23:44:49
236,Agadir,30.42,-9.6,69.8,88,75,6.93,MA,2020-08-19 23:40:30
237,Biltine,14.53,20.92,74.7,78,100,3.53,TD,2020-08-19 23:44:53
238,Davila,18.47,120.58,82.04,78,100,2.39,PH,2020-08-19 23:44:54
239,Valparaiso,-33.04,-71.63,55.4,71,0,12.86,CL,2020-08-19 23:44:54
240,Victoria,22.29,114.16,81.0,88,98,4.0,HK,2020-08-19 23:44:54
241,Nieves,15.33,120.95,79.16,84,100,1.95,PH,2020-08-19 23:44:54
242,Taoudenni,22.68,-3.98,99.01,18,17,3.89,ML,2020-08-19 23:44:55
243,Tambopata,-12.73,-69.18,84.78,55,60,3.2,PE,2020-08-19 23:44:55
244,Chamba,32.57,76.13,69.55,71,37,2.17,IN,2020-08-19 23:43:05
245,Thinadhoo,0.53,72.93,83.32,63,99,3.2,MV,2020-08-19 23:44:55
246,Mwene-Ditu,-7.0,23.45,69.19,62,6,2.08,CD,2020-08-19 23:44:56
247,Voi,-3.39,38.56,67.73,79,75,6.15,KE,2020-08-19 23:44:56
248,Saint George,37.1,-113.58,109.99,10,1,9.17,US,2020-08-19 23:41:24
249,Yuncheng,35.02,110.99,70.25,81,100,4.72,CN,2020-08-19 23:44:56
250,Nanortalik,60.14,-45.24,46.29,79,25,14.54,GL,2020-08-19 23:44:56
251,Kirakira,-10.45,161.92,85.37,68,87,6.44,SB,2020-08-19 23:44:57
252,Bandrele,-12.91,45.19,69.8,94,27,1.12,YT,2020-08-19 23:44:57
253,Targu Ocna,46.28,26.62,68.0,82,99,11.41,RO,2020-08-19 23:44:57
254,Sabha,27.04,14.43,88.32,18,31,11.25,LY,2020-08-19 23:44:57
255,Goya,-29.14,-59.26,47.95,51,6,11.36,AR,2020-08-19 23:43:23
256,Aktash,50.3,87.73,39.81,73,13,4.18,RU,2020-08-19 23:44:58
257,Sao Felix Do Xingu,-6.64,-51.99,83.98,39,32,2.93,BR,2020-08-19 23:44:58
258,Langxiang,46.95,128.88,64.56,47,0,1.68,CN,2020-08-19 23:44:58
259,Akureyri,65.68,-18.09,46.4,75,1,8.05,IS,2020-08-19 23:44:58
260,Mandalgovi,45.76,106.27,58.5,45,7,17.09,MN,2020-08-19 23:44:59
261,Pahrump,36.21,-115.98,109.0,13,26,1.99,US,2020-08-19 23:42:49
262,Lincoln,40.8,-96.67,82.4,42,1,10.29,US,2020-08-19 23:44:59
263,Katsuura,35.13,140.3,86.0,77,36,4.0,JP,2020-08-19 23:44:59
264,Nampula,-15.12,39.27,68.0,88,9,10.29,MZ,2020-08-19 23:42:59
265,Pontianak,-0.03,109.33,76.86,91,98,2.73,ID,2020-08-19 23:45:00
266,Vieux-Habitants,16.06,-61.77,82.4,74,40,9.17,GP,2020-08-19 23:45:01
267,Aykhal,66.0,111.5,41.0,93,14,6.71,RU,2020-08-19 23:45:01
268,Grand Gaube,-20.01,57.66,71.01,62,26,5.01,MU,2020-08-19 23:45:01
269,Lata,40.16,-8.33,71.01,94,34,10.0,PT,2020-08-19 23:42:00
270,Severo-Kurilsk,50.68,156.12,54.14,92,100,5.06,RU,2020-08-19 23:45:02
271,Wanning,18.8,110.4,80.62,85,96,4.7,CN,2020-08-19 23:45:03
272,Labuhan,-6.88,112.21,77.99,78,95,6.13,ID,2020-08-19 23:45:03
273,Ewa Beach,21.32,-158.01,89.6,45,75,12.75,US,2020-08-19 23:45:03
274,Lasa,46.62,10.7,59.0,87,40,1.12,IT,2020-08-19 23:45:03
275,Lumajang,-8.13,113.22,75.16,80,71,0.85,ID,2020-08-19 23:45:03
276,Norman Wells,65.28,-126.83,64.4,48,75,5.82,CA,2020-08-19 23:45:04
277,Inuvik,68.35,-133.72,66.2,52,40,3.36,CA,2020-08-19 23:45:04
278,Beni Mazar,28.5,30.8,75.09,58,0,9.55,EG,2020-08-19 23:45:04
279,Kuching,1.55,110.33,75.2,100,20,2.24,MY,2020-08-19 23:45:04
280,Wheatley,51.75,-1.14,68.0,98,100,1.01,GB,2020-08-19 23:42:03
281,Port Lincoln,-34.73,135.87,55.87,66,20,20.58,AU,2020-08-19 23:45:05
282,Beloha,-25.17,45.05,66.38,83,43,2.59,MG,2020-08-19 23:45:05
283,Alexandria,31.22,29.96,78.12,70,0,8.34,EG,2020-08-19 23:44:25
284,Jalu,29.03,21.55,79.57,46,0,12.37,LY,2020-08-19 23:45:05
285,Moose Factory,51.26,-80.61,66.2,55,1,5.82,CA,2020-08-19 23:45:06
286,Berlevag,70.86,29.09,52.18,82,72,9.62,NO,2020-08-19 23:45:06
287,Mehamn,71.04,27.85,51.12,89,98,16.11,NO,2020-08-19 23:45:06
288,Chongwe,-15.33,28.68,63.91,44,0,3.6,ZM,2020-08-19 23:45:07
289,Roebourne,-20.78,117.13,69.4,28,0,12.93,AU,2020-08-19 23:45:07
290,Chokurdakh,70.63,147.92,36.21,95,100,10.0,RU,2020-08-19 23:44:25
291,Ketchikan,55.34,-131.65,62.6,77,90,3.36,US,2020-08-19 23:45:07
292,Mezen,65.85,44.24,41.79,86,0,5.01,RU,2020-08-19 23:45:07
293,Quesnel,53.0,-122.5,73.4,46,1,3.36,CA,2020-08-19 23:45:08
294,Sulangan,11.14,123.72,81.43,75,100,6.78,PH,2020-08-19 23:42:37
295,Deniliquin,-35.53,144.97,46.0,90,47,3.0,AU,2020-08-19 23:45:08
296,Santa Marta,11.24,-74.2,77.0,88,95,7.18,CO,2020-08-19 23:40:35
297,Kamuli,0.95,33.12,64.51,81,72,0.54,UG,2020-08-19 23:45:09
298,Prince Rupert,54.32,-130.32,57.2,100,90,2.24,CA,2020-08-19 23:45:09
299,Faridabad,28.43,77.32,84.99,100,90,8.05,IN,2020-08-19 23:44:09
300,College,64.86,-147.8,72.0,56,75,5.12,US,2020-08-19 23:45:09
301,Constitucion,-35.33,-72.42,47.89,71,0,6.71,CL,2020-08-19 23:45:09
302,Soller,39.77,2.72,75.99,73,0,4.7,ES,2020-08-19 23:45:10
303,Dingle,11.0,122.67,75.76,92,90,5.1,PH,2020-08-19 23:45:10
304,Sistranda,63.73,8.83,55.4,100,40,3.36,NO,2020-08-19 23:45:10
305,Aloja,57.77,24.88,57.99,80,0,1.01,LV,2020-08-19 23:45:10
306,Chapais,49.78,-74.85,55.4,66,20,8.05,CA,2020-08-19 23:41:32
307,Meulaboh,4.14,96.13,78.4,83,100,4.07,ID,2020-08-19 23:45:11
308,Te Anau,-45.42,167.72,49.08,81,98,0.6,NZ,2020-08-19 23:45:11
309,Jishou,28.32,109.72,75.88,90,71,2.86,CN,2020-08-19 23:45:11
310,East London,-33.02,27.91,52.74,56,5,5.73,ZA,2020-08-19 23:43:02
311,Deseronto,44.2,-77.05,71.01,67,74,1.01,CA,2020-08-19 23:45:12
312,Alofi,-19.06,-169.92,84.2,79,75,12.75,NU,2020-08-19 23:45:12
313,Buenos Aires,-34.61,-58.38,48.2,61,45,4.7,AR,2020-08-19 23:44:15
314,Kiama,-34.68,150.87,59.0,52,7,15.01,AU,2020-08-19 23:45:13
315,Sao Filipe,14.9,-24.5,77.47,79,44,12.8,CV,2020-08-19 23:45:13
316,Bata,1.86,9.77,77.0,100,40,4.7,GQ,2020-08-19 23:45:13
317,Kiunga,-6.12,141.29,77.4,86,79,2.95,PG,2020-08-19 23:45:13
318,Jumla,29.27,82.18,61.43,72,100,1.03,NP,2020-08-19 23:45:14
319,Pisco,-13.7,-76.22,64.4,72,1,20.8,PE,2020-08-19 23:45:14
320,Kruisfontein,-34.0,24.73,45.46,74,18,8.12,ZA,2020-08-19 23:45:14
321,Kasangulu,-4.59,15.17,77.0,73,75,9.17,CD,2020-08-19 23:45:14
322,Klyuchi,52.27,79.17,56.3,65,0,10.94,RU,2020-08-19 23:42:56
323,Ushtobe,45.25,77.98,63.97,35,0,4.74,KZ,2020-08-19 23:45:15
324,Aranos,-24.13,19.12,35.94,61,0,7.09,NA,2020-08-19 23:45:15
325,Lagoa,39.05,-27.98,68.58,67,67,18.66,PT,2020-08-19 23:45:15
326,Culebra,18.3,-65.3,86.0,66,1,8.05,PR,2020-08-19 23:45:15
327,Seoul,37.57,126.98,80.6,83,90,2.42,KR,2020-08-19 23:45:16
328,Ust-Nera,64.57,143.2,46.02,71,99,7.81,RU,2020-08-19 23:45:16
329,Shakawe,-18.37,21.85,44.1,42,0,5.44,BW,2020-08-19 23:45:16
330,Kedrovyy,56.17,91.82,51.8,93,17,2.24,RU,2020-08-19 23:45:16
331,Turbat,26.0,63.04,82.06,78,15,6.82,PK,2020-08-19 23:45:17
332,East Chicago,41.64,-87.45,75.0,49,20,6.93,US,2020-08-19 23:45:17
333,Sarakhs,36.54,61.16,71.6,37,0,2.24,IR,2020-08-19 23:45:17
334,Kysyl-Syr,63.9,122.76,51.82,57,12,8.37,RU,2020-08-19 23:45:18
335,Guayaramerin,-10.84,-65.36,89.17,40,63,2.35,BO,2020-08-19 23:45:18
336,Tezu,27.92,96.17,76.62,67,49,3.29,IN,2020-08-19 23:45:18
337,Tungor,53.38,142.96,58.24,69,69,20.36,RU,2020-08-19 23:45:18
338,Sakakah,29.97,40.21,82.4,17,0,1.12,SA,2020-08-19 23:45:19
339,Rapid Valley,44.06,-103.15,96.8,13,1,4.7,US,2020-08-19 23:45:19
340,Mayo,38.89,-76.51,79.0,74,20,4.7,US,2020-08-19 23:45:19
341,Georgetown,5.41,100.34,78.8,94,40,4.88,MY,2020-08-19 23:44:39
342,Olafsvik,64.89,-23.71,49.24,81,18,5.48,IS,2020-08-19 23:45:20
343,High Level,58.52,-117.14,71.6,37,40,10.29,CA,2020-08-19 23:45:20
344,Lavrentiya,65.58,-171.0,54.5,70,60,8.28,RU,2020-08-19 23:45:20
345,Rudbar,30.15,62.6,76.41,19,8,12.77,AF,2020-08-19 23:45:20
346,Puerto Colombia,10.99,-74.95,78.8,94,75,4.7,CO,2020-08-19 23:45:21
347,Paamiut,61.99,-49.67,45.18,80,0,6.91,GL,2020-08-19 23:45:21
348,Chavakachcheri,9.66,80.16,81.07,82,100,18.12,LK,2020-08-19 23:45:21
349,Elat,29.56,34.95,87.8,43,0,9.17,IL,2020-08-19 23:45:21
350,Rockland,41.17,-74.05,75.0,82,14,5.32,US,2020-08-19 23:45:22
351,Muros,42.78,-9.06,64.0,93,78,1.01,ES,2020-08-19 23:42:12
352,Imeni Poliny Osipenko,52.42,136.49,64.83,55,0,6.64,RU,2020-08-19 23:45:22
353,Gigmoto,13.78,124.39,81.97,76,94,3.29,PH,2020-08-19 23:45:23
354,Aksarka,66.56,67.8,51.85,83,2,16.42,RU,2020-08-19 23:41:52
355,Pangai,-19.8,-174.35,80.6,83,40,11.41,TO,2020-08-19 23:45:23
356,Praia,14.92,-23.51,78.8,74,20,10.29,CV,2020-08-19 23:45:23
357,Port Pirie,-33.18,138.02,50.0,87,13,11.41,AU,2020-08-19 23:45:24
358,Paita,-5.09,-81.11,62.37,80,49,17.67,PE,2020-08-19 23:45:24
359,Manakara,-22.13,48.02,67.12,88,6,7.4,MG,2020-08-19 23:45:24
360,Necochea,-38.55,-58.74,42.01,74,87,8.01,AR,2020-08-19 23:41:28
361,Gasa,31.5,34.47,75.0,40,0,2.04,PS,2020-08-19 23:45:24
362,Oga,46.46,10.35,59.0,82,90,1.12,IT,2020-08-19 23:45:25
363,Pumiao,22.75,108.48,77.0,94,20,2.24,CN,2020-08-19 23:45:25
364,Cayenne,4.93,-52.33,77.0,100,4,2.24,GF,2020-08-19 23:44:06
365,Lujan,-34.57,-59.1,44.01,74,21,8.23,AR,2020-08-19 23:45:26
366,Zhigansk,66.77,123.37,44.33,66,6,14.67,RU,2020-08-19 23:45:26
367,Fare,-16.7,-151.02,78.89,76,7,20.56,PF,2020-08-19 23:45:26
368,Grindavik,63.84,-22.43,48.2,100,90,5.82,IS,2020-08-19 23:45:26
369,Yumen,40.28,97.2,67.59,34,31,16.49,CN,2020-08-19 23:45:27
370,Bukachacha,52.98,116.92,55.53,61,4,4.56,RU,2020-08-19 23:45:27
371,Cache Creek,50.81,-121.32,86.0,25,75,10.29,CA,2020-08-19 23:45:27
372,Port Hawkesbury,45.62,-61.35,66.2,88,1,4.7,CA,2020-08-19 23:45:27
373,Cabinda,-5.55,12.2,72.34,87,70,7.27,AO,2020-08-19 23:45:28
374,Nuevo Progreso,23.17,-97.95,87.01,56,100,1.99,MX,2020-08-19 23:45:28
375,Asfi,32.3,-9.24,69.85,77,0,8.79,MA,2020-08-19 23:45:28
376,Nome,64.5,-165.41,60.01,81,75,14.99,US,2020-08-19 23:43:02
377,Marathon,44.9,-89.77,80.6,47,1,8.05,US,2020-08-19 23:45:29
378,Pangkalanbuun,-2.68,111.62,75.2,85,99,2.98,ID,2020-08-19 23:45:15
379,Zunyi,27.69,106.91,68.97,89,74,3.13,CN,2020-08-19 23:45:29
380,Boa Vista,2.82,-60.67,84.2,66,40,4.7,BR,2020-08-19 23:43:55
381,Mtwara,-10.27,40.18,72.73,86,30,3.74,TZ,2020-08-19 23:45:29
382,Agadez,19.75,10.25,89.47,12,0,7.43,NE,2020-08-19 23:45:30
383,Washington,47.5,-120.5,95.0,15,46,1.99,US,2020-08-19 23:45:30
384,Martinsville,36.69,-79.87,75.0,100,1,6.2,US,2020-08-19 23:45:30
385,Wilmington,34.23,-77.94,80.6,69,20,6.93,US,2020-08-19 23:45:27
386,Tongliao,43.61,122.27,63.95,58,75,11.52,CN,2020-08-19 23:45:30
387,Omsukchan,62.53,155.8,46.8,89,100,5.41,RU,2020-08-19 23:45:31
388,Kondinskoye,59.65,67.41,49.01,93,12,3.74,RU,2020-08-19 23:45:31
389,Swan River,52.11,-101.27,78.24,65,45,10.02,CA,2020-08-19 23:45:31
390,Nata,8.33,-80.52,75.99,83,100,9.69,PA,2020-08-19 23:45:31
391,Mpongwe,-13.51,28.16,62.67,40,11,5.55,ZM,2020-08-19 23:45:32
392,Katima Mulilo,-17.5,24.27,50.0,27,0,3.36,NA,2020-08-19 23:45:32
393,Ulaangom,49.98,92.07,60.37,69,0,1.97,MN,2020-08-19 23:45:32
394,Shiyan,32.65,110.78,72.12,92,100,5.17,CN,2020-08-19 23:45:32
395,Kokstad,-30.55,29.42,30.63,95,0,3.24,ZA,2020-08-19 23:45:33
396,Alamogordo,32.9,-105.96,96.8,15,1,6.02,US,2020-08-19 23:41:26
397,Quatre Cocos,-20.21,57.76,71.01,82,40,10.29,MU,2020-08-19 23:45:33
398,Marystown,47.17,-55.15,64.0,100,60,8.81,CA,2020-08-19 23:45:33
399,Middletown,39.52,-84.4,75.99,50,1,5.82,US,2020-08-19 23:44:21
400,Ankazoabo,-22.28,44.52,62.31,70,0,9.48,MG,2020-08-19 23:45:34
401,Westport,41.14,-73.36,71.6,73,1,4.7,US,2020-08-19 23:42:06
402,Ribeira Grande,38.52,-28.7,68.94,67,82,16.15,PT,2020-08-19 23:45:09
403,Fukue,32.69,128.84,82.4,83,26,2.24,JP,2020-08-19 23:45:35
404,Teguldet,57.31,88.17,53.19,95,56,6.11,RU,2020-08-19 23:45:35
405,Beringovskiy,63.05,179.32,57.83,51,87,9.42,RU,2020-08-19 23:45:35
406,Oparino,59.85,48.28,42.03,91,62,8.72,RU,2020-08-19 23:45:35
407,Maniitsoq,65.42,-52.9,47.97,73,0,7.36,GL,2020-08-19 23:45:17
408,Bay Saint Louis,30.31,-89.33,89.6,55,40,4.7,US,2020-08-19 23:45:36
409,Garowe,8.41,48.48,75.69,72,31,21.63,SO,2020-08-19 23:45:36
410,Ajdabiya,30.76,20.23,73.18,79,0,7.61,LY,2020-08-19 23:45:36
411,Pacific Grove,36.62,-121.92,77.0,41,90,4.7,US,2020-08-19 23:45:36
412,Mutare,-18.97,32.67,57.83,92,84,6.8,ZW,2020-08-19 23:45:37
413,Estelle,29.85,-90.11,91.0,66,75,4.7,US,2020-08-19 23:45:37
414,Coahuayana,18.73,-103.68,78.8,78,75,17.22,MX,2020-08-19 23:45:37
415,Jiangyou,31.77,104.72,70.3,83,33,1.54,CN,2020-08-19 23:45:37
416,Hudson Bay,52.85,-102.38,73.76,74,21,6.55,CA,2020-08-19 23:45:37
417,Vestmannaeyjar,63.44,-20.27,48.97,81,100,17.2,IS,2020-08-19 23:45:38
418,Vila Franca Do Campo,37.72,-25.43,62.6,77,20,5.82,PT,2020-08-19 23:45:13
419,Itoman,26.12,127.67,86.0,79,40,9.17,JP,2020-08-19 23:45:38
420,Haverfordwest,51.8,-4.97,68.0,82,100,41.38,GB,2020-08-19 23:45:38
421,Sassandra,4.95,-6.08,74.25,89,100,7.25,CI,2020-08-19 23:45:39
422,Pokrovka,42.34,78.01,52.9,61,0,2.57,KG,2020-08-19 23:45:39
423,Shache,38.42,77.24,73.13,33,100,5.55,CN,2020-08-19 23:45:39
424,Agara,42.04,43.82,61.11,74,0,3.22,GE,2020-08-19 23:45:39
425,Bambous Virieux,-20.34,57.76,71.01,82,40,10.29,MU,2020-08-19 23:45:13
426,Simdega,22.62,84.52,75.22,90,84,8.46,IN,2020-08-19 23:45:40
427,Urumqi,43.8,87.6,69.8,52,75,11.18,CN,2020-08-19 23:45:40
428,Fernley,39.61,-119.25,97.0,14,1,5.01,US,2020-08-19 23:41:57
429,Mount Gambier,-37.83,140.77,48.2,93,75,8.05,AU,2020-08-19 23:43:45
430,Arrecife,28.96,-13.55,71.6,83,20,14.99,ES,2020-08-19 23:42:37
431,Paracatu,-17.22,-46.87,73.74,42,0,3.13,BR,2020-08-19 23:45:34
432,Kununurra,-15.77,128.73,77.0,21,5,3.36,AU,2020-08-19 23:45:41
433,Hervey Bay,-25.3,152.85,72.0,44,5,14.99,AU,2020-08-19 23:41:22
434,Petropavlovskoye,52.07,84.11,59.25,51,54,7.58,RU,2020-08-19 23:45:42
435,Nowy Sacz,49.62,20.7,64.0,90,89,3.89,PL,2020-08-19 23:45:42
436,Tignere,7.37,12.65,64.0,100,100,4.05,CM,2020-08-19 23:45:43
437,Pangnirtung,66.15,-65.71,55.72,38,12,2.71,CA,2020-08-19 23:41:59
438,Tiksi,71.69,128.87,39.9,88,98,6.38,RU,2020-08-19 23:45:43
439,Bugasong,11.04,122.07,76.14,90,100,0.54,PH,2020-08-19 23:45:43
440,Gaya,24.78,85.0,80.44,80,47,13.73,IN,2020-08-19 23:45:44
441,Ulverstone,-41.15,146.17,54.0,50,19,11.99,AU,2020-08-19 23:45:37
442,Saint Anthony,45.02,-93.22,80.01,57,20,16.11,US,2020-08-19 23:41:39
443,Rosetta,31.4,30.42,76.19,76,0,8.75,EG,2020-08-19 23:45:44
444,Malpe,13.35,74.72,75.2,94,75,1.68,IN,2020-08-19 23:45:44
445,Newberry,34.27,-81.62,78.01,78,40,16.11,US,2020-08-19 23:45:16
446,Tiznit,29.58,-9.5,66.45,66,0,0.81,MA,2020-08-19 23:45:45
447,Atar,20.52,-13.05,95.49,29,0,9.17,MR,2020-08-19 23:45:45
448,Santa Luzia,-19.77,-43.85,75.2,60,0,5.82,BR,2020-08-19 23:42:23
449,Hamilton,39.18,-84.53,77.0,47,40,9.17,US,2020-08-19 23:43:54
450,Manjeshwar,12.72,74.89,75.2,94,75,3.36,IN,2020-08-19 23:45:46
451,Alta Floresta,-9.88,-56.09,79.99,23,0,1.07,BR,2020-08-19 23:45:46
452,Qui Nhon,13.77,109.23,78.31,87,100,6.76,VN,2020-08-19 23:45:46
453,Aswan,24.09,32.91,85.78,20,19,8.55,EG,2020-08-19 23:45:47
454,Broome,42.25,-75.83,66.99,48,40,11.41,US,2020-08-19 23:45:47
455,Uruzgan,32.83,66.0,63.66,28,0,7.96,AF,2020-08-19 23:45:47
456,Saint-Augustin,51.23,-58.65,55.94,95,83,5.86,CA,2020-08-19 23:45:48
457,Udachnyy,66.42,112.4,41.0,93,0,6.71,RU,2020-08-19 23:45:48
458,Volga,57.95,38.39,46.71,84,0,1.81,RU,2020-08-19 23:45:48
459,Samarai,-10.62,150.67,77.22,68,55,5.84,PG,2020-08-19 23:45:18
460,Lowestoft,52.48,1.75,68.0,99,100,7.0,GB,2020-08-19 23:45:49
461,Naze,28.37,129.48,86.0,83,20,4.7,JP,2020-08-19 23:45:49
462,Farafangana,-22.82,47.83,67.57,89,13,5.17,MG,2020-08-19 23:45:49
463,Missoula,47.02,-113.8,89.6,31,20,5.82,US,2020-08-19 23:45:49
464,Lianran,24.92,102.48,64.0,100,90,4.47,CN,2020-08-19 23:40:50
465,Padang,-0.95,100.35,78.93,76,80,4.32,ID,2020-08-19 23:45:50
466,Fort Nelson,58.81,-122.7,71.6,35,75,12.75,CA,2020-08-19 23:45:28
467,Hashtrud,37.48,47.05,61.65,66,0,2.93,IR,2020-08-19 23:45:50
468,Barranca,-10.75,-77.77,59.74,86,27,9.84,PE,2020-08-19 23:45:50
469,Chimbote,-9.09,-78.58,60.84,84,37,9.31,PE,2020-08-19 23:45:51
470,Bambanglipuro,-7.95,110.28,75.87,77,27,3.33,ID,2020-08-19 23:45:51
471,Kargasok,59.06,80.86,52.11,96,65,9.46,RU,2020-08-19 23:43:07
472,Tupik,54.43,119.93,59.68,63,0,5.23,RU,2020-08-19 23:45:52
473,Isangel,-19.55,169.27,76.12,60,1,2.3,VU,2020-08-19 23:45:07
474,Manacapuru,-3.3,-60.62,87.8,62,33,5.82,BR,2020-08-19 23:45:52
475,Mandawar,29.5,78.13,76.6,87,64,4.27,IN,2020-08-19 23:45:52
476,Port Blair,11.67,92.75,82.17,79,100,14.25,IN,2020-08-19 23:45:53
477,Yugorsk,61.31,63.33,51.19,97,99,6.17,RU,2020-08-19 23:45:53
478,Priargunsk,50.37,119.1,56.98,62,23,4.97,RU,2020-08-19 23:45:53
479,Salinopolis,-0.61,-47.36,80.22,80,93,14.74,BR,2020-08-19 23:45:53
480,Marawi,8.0,124.29,75.99,91,100,1.99,PH,2020-08-19 23:45:54
481,Gizo,-8.1,156.84,83.64,69,100,1.81,SB,2020-08-19 23:45:54
482,Susanville,40.42,-120.65,87.01,17,1,11.41,US,2020-08-19 23:45:54
483,Saint-Pierre,-21.34,55.48,69.01,64,90,4.7,RE,2020-08-19 23:45:55
484,Sao Bento Do Sul,-26.25,-49.38,51.01,95,100,5.99,BR,2020-08-19 23:45:55
485,Synya,65.37,58.04,50.58,96,78,5.64,RU,2020-08-19 23:45:55
486,Avera,33.19,-82.53,84.2,70,1,3.36,US,2020-08-19 23:45:56
487,Abapo,-18.83,-63.47,59.68,86,100,3.67,BO,2020-08-19 23:45:56
488,Sibolga,1.74,98.78,77.97,73,100,3.42,ID,2020-08-19 23:42:22
489,Kamenka,51.32,42.77,57.0,74,79,5.99,RU,2020-08-19 23:45:57
490,Ostrovnoy,68.05,39.51,49.24,78,46,10.18,RU,2020-08-19 23:45:57
491,Nyaunglebin,17.95,96.73,75.18,90,100,1.52,MM,2020-08-19 23:45:57
492,Lebork,54.54,17.75,59.0,93,15,4.7,PL,2020-08-19 23:45:57
493,Nador,35.17,-2.93,77.0,78,61,3.36,MA,2020-08-19 23:45:58
494,Panama City,8.99,-79.52,80.6,83,100,4.7,PA,2020-08-19 23:43:48
495,Imbituva,-25.23,-50.6,51.12,100,100,1.74,BR,2020-08-19 23:45:58
496,Guatire,10.48,-66.54,84.2,74,75,3.36,VE,2020-08-19 23:45:59
497,Emba,48.83,58.14,60.62,52,92,6.4,KZ,2020-08-19 23:45:59
498,Roald,62.58,6.13,59.0,93,78,4.7,NO,2020-08-19 23:45:59
499,Ucluelet,48.93,-125.55,64.4,88,90,11.41,CA,2020-08-19 23:43:05
500,Chardara,41.25,67.97,68.34,33,0,9.48,KZ,2020-08-19 23:46:00
501,Bartica,6.4,-58.62,78.8,94,20,2.24,GY,2020-08-19 23:46:00
502,Pietarsaari,63.65,22.68,63.0,93,0,5.82,FI,2020-08-19 23:46:01
503,Chaihe,44.77,129.7,61.2,69,83,5.64,CN,2020-08-19 23:46:01
504,Chandauli,25.27,83.27,82.11,78,51,7.4,IN,2020-08-19 23:46:01
505,Solwezi,-12.17,26.39,58.32,41,0,2.68,ZM,2020-08-19 23:46:01
506,Batemans Bay,-35.72,150.18,59.0,71,20,13.0,AU,2020-08-19 23:42:50
507,Chakulia,22.48,86.72,77.4,95,81,7.78,IN,2020-08-19 23:46:02
508,Daura,11.55,11.41,78.03,74,97,9.01,NG,2020-08-19 23:46:02
509,Bloomfield,40.81,-74.19,77.0,60,1,0.49,US,2020-08-19 23:44:03
510,Ishigaki,24.34,124.16,82.4,100,75,3.36,JP,2020-08-19 23:46:03
511,Fuente De Oro,3.46,-73.61,75.83,89,87,2.75,CO,2020-08-19 23:46:03
512,Pushkar,26.5,74.55,77.05,92,97,7.94,IN,2020-08-19 23:46:04
513,Kodinsk,58.69,99.18,59.47,91,98,7.74,RU,2020-08-19 23:46:04
514,Tetouan,35.57,-5.37,69.8,88,0,3.36,MA,2020-08-19 23:44:26
515,Krasnoselkup,65.7,82.47,55.47,93,92,6.02,RU,2020-08-19 23:46:04
516,Mareeba,-17.0,145.43,78.01,58,0,11.01,AU,2020-08-19 23:46:05
517,Solano,38.23,-121.95,104.0,14,75,5.82,US,2020-08-19 23:42:36
518,Shihezi,44.3,86.03,72.79,44,93,1.92,CN,2020-08-19 23:46:05
519,Karpathos,35.51,27.21,75.2,83,0,19.46,GR,2020-08-19 23:46:06
520,Ritchie,-29.04,24.6,32.0,81,0,3.74,ZA,2020-08-19 23:46:06
521,Carutapera,-1.2,-46.02,78.1,82,89,8.25,BR,2020-08-19 23:46:06
522,Poum,-20.23,164.02,73.06,70,2,12.17,NC,2020-08-19 23:46:06
523,Kisangani,0.52,25.2,72.3,95,97,2.17,CD,2020-08-19 23:46:07
524,Khandyga,62.67,135.6,56.95,49,65,6.98,RU,2020-08-19 23:46:07
525,Miquelon,47.1,-56.38,63.86,89,61,10.76,PM,2020-08-19 23:46:08
526,Minsk,53.9,27.57,60.8,93,90,6.71,BY,2020-08-19 23:42:52
527,Naryan-Mar,67.67,53.09,49.86,96,85,11.05,RU,2020-08-19 23:46:08
528,Yei,4.09,30.68,64.89,94,53,1.25,SS,2020-08-19 23:46:08
529,Waingapu,-9.66,120.26,78.12,66,8,6.6,ID,2020-08-19 23:46:09
530,Kajaani,64.23,27.73,59.0,93,29,6.93,FI,2020-08-19 23:46:09
531,Portland,45.52,-122.68,88.0,37,75,6.93,US,2020-08-19 23:41:21
532,Alindao,5.03,21.21,69.4,96,95,0.69,CF,2020-08-19 23:46:09
533,Olga,43.74,135.29,59.81,89,100,4.65,RU,2020-08-19 23:46:10
534,Tazovskiy,67.47,78.7,56.95,76,100,12.08,RU,2020-08-19 23:45:11
535,Hit,33.64,42.83,84.92,18,0,10.47,IQ,2020-08-19 23:46:10
536,Winkler,49.18,-97.94,89.6,46,1,4.7,CA,2020-08-19 23:46:10
537,San Angelo,31.46,-100.44,98.6,17,1,16.11,US,2020-08-19 23:44:34
538,Senanga,-16.12,23.27,53.67,37,0,6.96,ZM,2020-08-19 23:46:11
539,Jerome,42.72,-114.52,100.0,36,1,3.36,US,2020-08-19 23:46:11
540,Harper,4.38,-7.72,75.45,85,100,11.79,LR,2020-08-19 23:46:12
541,Khani,41.96,42.96,68.0,100,28,3.8,GE,2020-08-19 23:46:12
542,Paducah,37.08,-88.6,77.0,57,90,8.05,US,2020-08-19 23:41:22
543,Tateyama,34.98,139.87,87.01,74,20,8.05,JP,2020-08-19 23:46:12
